	J1	J2	J3	J4	J5	J6	J7	T1	T2	T3	T4	T5	T6	T7	X	Y	Z	A	B	C	FX	FY	FZ
0	-45.00	-77.00	0.00	40.00	-0.00	-30.00	90.00	-0.74	-75.36	-1.02	20.21	-0.71	-0.60	-0.36	-589.99	589.90	167.32	45.00	-0.00	-146.99	1.37	-0.50	1.39
1	-45.00	-77.00	0.00	40.00	-0.00	-30.00	90.00	-0.73	-75.35	-1.01	20.21	-0.71	-0.60	-0.36	-589.99	589.90	167.32	45.00	-0.00	-146.99	1.38	-0.49	1.37
2	-45.00	-77.00	0.00	40.00	-0.00	-30.00	90.00	-0.74	-75.35	-1.02	20.20	-0.71	-0.60	-0.36	-589.99	589.90	167.32	45.00	-0.00	-146.99	1.38	-0.48	1.35
3	-45.00	-77.00	0.00	40.00	-0.00	-30.00	90.00	-0.74	-75.36	-1.02	20.21	-0.71	-0.60	-0.36	-589.99	589.90	167.32	45.00	-0.00	-146.99	1.36	-0.48	1.35
4	-45.00	-77.00	0.00	40.00	-0.00	-30.00	90.00	-0.74	-75.36	-1.03	20.22	-0.71	-0.60	-0.36	-589.99	589.90	167.32	45.00	-0.00	-146.99	1.37	-0.49	1.37
5	-45.00	-77.00	0.00	40.00	-0.00	-30.00	90.00	-0.74	-75.35	-1.02	20.21	-0.71	-0.60	-0.36	-589.99	589.90	167.32	45.00	-0.00	-146.99	1.37	-0.49	1.36
6	-45.00	-77.00	0.00	40.00	-0.00	-30.00	90.00	-0.75	-75.35	-1.02	20.21	-0.71	-0.60	-0.36	-589.99	589.90	167.32	45.00	-0.00	-146.99	1.39	-0.51	1.39
7	-45.00	-77.00	0.00	40.00	-0.00	-30.00	90.00	-0.74	-75.36	-1.02	20.21	-0.71	-0.60	-0.36	-589.99	589.90	167.32	45.00	-0.00	-146.99	1.38	-0.51	1.38
8	-45.00	-77.00	0.00	40.00	-0.00	-30.00	90.00	-0.75	-75.36	-1.01	20.20	-0.71	-0.60	-0.36	-589.99	589.90	167.32	45.00	-0.00	-146.99	1.38	-0.51	1.39
9	-45.00	-77.00	0.00	40.00	-0.00	-30.00	90.00	-0.74	-75.37	-1.03	20.21	-0.71	-0.60	-0.36	-589.99	589.90	167.32	45.00	-0.00	-146.99	1.38	-0.51	1.38
10	-45.00	-77.00	0.00	40.00	-0.00	-30.00	90.00	-1.21	-75.43	-1.00	20.35	-0.90	-0.57	-0.37	-589.99	589.90	167.32	45.00	-0.00	-146.99	1.37	-0.47	1.40
11	-45.00	-77.00	0.00	40.00	-0.00	-30.00	90.00	-0.69	-75.44	-1.03	20.24	-0.72	-0.60	-0.35	-589.99	589.90	167.32	45.00	-0.00	-146.99	1.26	-0.53	1.54
12	-45.00	-77.00	0.00	40.00	-0.00	-30.00	90.00	-0.61	-75.42	-1.02	20.20	-0.72	-0.59	-0.34	-589.98	589.91	167.32	45.00	-0.00	-146.99	1.19	-0.54	1.54
13	-45.01	-77.00	0.00	40.02	0.01	-30.02	89.97	-0.30	-75.42	-1.00	20.03	-0.72	-0.52	-0.18	-589.75	589.89	167.10	45.01	-0.00	-147.04	0.54	-0.95	2.01
14	-45.05	-76.96	0.00	40.11	0.06	-30.10	89.90	0.81	-76.12	-0.84	19.87	-0.71	-0.45	-0.09	-589.01	589.98	166.88	45.01	-0.00	-147.17	-0.21	-2.14	3.99
15	-45.16	-76.87	0.00	40.33	0.18	-30.29	89.70	0.11	-75.52	-1.04	19.72	-0.70	-0.43	0.04	-587.12	590.20	166.27	45.01	-0.00	-147.49	-0.37	-2.54	3.59
16	-45.38	-76.72	0.00	40.74	0.40	-30.65	89.33	-0.82	-74.73	-1.32	19.09	-0.71	-0.33	0.07	-583.43	590.68	165.06	45.00	0.00	-148.12	-1.19	-3.02	5.15
17	-45.66	-76.53	0.00	41.25	0.66	-31.13	88.86	1.15	-76.26	-0.79	20.20	-0.74	-0.39	0.11	-578.79	591.26	163.55	45.00	0.00	-148.91	-1.38	-2.83	3.84
18	-45.95	-76.33	0.00	41.77	0.92	-31.65	88.40	0.52	-75.02	-1.10	19.63	-0.74	-0.37	0.12	-573.90	591.85	161.97	45.00	0.01	-149.75	-1.60	-2.77	4.32
19	-46.25	-76.15	0.00	42.26	1.16	-32.17	87.93	0.95	-75.04	-0.75	19.46	-0.70	-0.38	0.14	-569.01	592.50	160.47	45.00	0.00	-150.58	-0.81	-2.87	4.48
20	-46.55	-75.99	0.00	42.73	1.36	-32.71	87.50	-0.07	-75.62	-1.18	19.53	-0.76	-0.31	0.13	-564.13	593.12	158.87	44.99	0.00	-151.42	-0.53	-2.87	4.26
21	-46.84	-75.83	0.00	43.19	1.56	-33.25	87.07	0.21	-75.62	-1.05	19.61	-0.73	-0.34	0.11	-559.21	593.71	157.22	45.00	0.00	-152.26	-1.35	-2.78	4.28
22	-47.14	-75.68	0.00	43.62	1.74	-33.80	86.65	0.90	-75.49	-0.93	19.56	-0.74	-0.36	0.13	-554.38	594.32	155.69	45.00	0.00	-153.09	-0.63	-2.89	3.86
23	-47.44	-75.55	0.00	44.04	1.89	-34.36	86.25	0.06	-75.42	-1.19	19.69	-0.74	-0.37	0.14	-549.50	594.90	154.02	45.00	-0.00	-153.93	-1.16	-2.80	4.01
24	-47.73	-75.43	0.00	44.44	2.03	-34.93	85.86	0.39	-75.42	-1.03	19.35	-0.74	-0.30	0.14	-544.62	595.49	152.42	45.00	-0.00	-154.77	-1.31	-2.73	3.86
25	-48.03	-75.31	0.00	44.82	2.16	-35.50	85.49	0.62	-74.79	-0.92	19.33	-0.72	-0.27	0.15	-539.81	596.09	150.92	44.99	0.01	-155.59	-0.54	-2.79	3.62
26	-48.33	-75.21	0.00	45.19	2.26	-36.07	85.12	0.21	-74.75	-1.24	19.18	-0.74	-0.28	0.18	-534.92	596.66	149.24	45.00	-0.00	-156.44	-1.38	-2.90	3.72
27	-48.63	-75.12	0.00	45.54	2.35	-36.65	84.77	0.70	-75.22	-0.96	19.18	-0.74	-0.25	0.20	-530.15	597.27	147.72	45.01	-0.00	-157.26	-1.13	-3.51	4.78
28	-48.94	-75.02	0.00	45.88	2.42	-37.25	84.42	0.47	-74.65	-0.93	18.97	-0.73	-0.25	0.22	-525.21	597.95	146.19	45.00	0.00	-158.09	-0.69	-3.29	3.75
29	-49.24	-74.94	0.00	46.21	2.48	-37.85	84.09	-0.31	-74.79	-1.38	19.01	-0.74	-0.25	0.20	-520.35	598.52	144.61	45.00	0.00	-158.93	-0.93	-3.44	4.38
30	-49.54	-74.88	0.00	46.52	2.52	-38.45	83.77	1.08	-74.23	-0.76	18.84	-0.71	-0.21	0.17	-515.50	599.06	142.94	45.00	0.00	-159.77	-1.31	-3.25	3.52
31	-49.84	-74.82	0.00	46.81	2.55	-39.06	83.45	0.82	-74.61	-0.89	18.60	-0.71	-0.18	0.20	-510.66	599.63	141.31	45.00	0.00	-160.60	-0.63	-3.31	3.99
32	-50.15	-74.76	0.00	47.09	2.57	-39.67	83.16	-0.04	-74.10	-1.35	18.81	-0.73	-0.21	0.19	-505.76	600.31	139.84	44.99	0.01	-161.43	-0.54	-3.21	3.56
33	-50.45	-74.72	0.00	47.36	2.57	-40.28	82.86	-0.21	-74.54	-1.37	18.69	-0.73	-0.13	0.20	-500.81	600.92	138.18	44.99	0.01	-162.27	-1.04	-3.13	3.63
34	-50.75	-74.69	0.00	47.61	2.56	-40.90	82.57	0.88	-73.99	-0.82	18.57	-0.69	-0.13	0.18	-496.09	601.48	136.64	45.00	0.00	-163.09	-0.81	-3.45	3.74
35	-51.08	-74.65	0.00	47.86	2.53	-41.56	82.27	0.86	-73.77	-0.89	18.67	-0.68	-0.21	0.21	-490.95	602.14	135.01	45.00	0.00	-163.97	-0.94	-3.20	3.32
36	-51.39	-74.64	0.00	48.09	2.49	-42.21	81.99	0.50	-74.50	-1.05	18.84	-0.71	-0.15	0.20	-485.94	602.77	133.36	44.99	0.01	-164.83	-0.25	-3.34	3.51
37	-51.70	-74.62	0.00	48.31	2.43	-42.84	81.73	0.53	-73.60	-1.07	18.46	-0.70	-0.10	0.21	-481.13	603.35	131.83	44.99	0.00	-165.66	-1.35	-3.51	3.45
38	-52.01	-74.62	0.00	48.51	2.37	-43.47	81.47	0.90	-73.83	-0.93	18.74	-0.70	-0.11	0.20	-476.26	603.92	130.18	44.99	0.00	-166.50	-1.06	-2.73	2.47
39	-52.31	-74.62	0.00	48.70	2.31	-44.11	81.22	1.10	-72.82	-0.78	18.02	-0.66	-0.07	0.22	-471.44	604.56	128.69	44.99	0.00	-167.31	-0.83	-2.57	2.67
40	-52.63	-74.64	0.00	48.88	2.21	-44.76	80.97	0.02	-73.44	-1.30	18.60	-0.71	-0.08	0.20	-466.45	605.15	127.00	44.99	-0.00	-168.17	-0.76	-1.37	1.12
41	-52.93	-74.66	0.00	49.04	2.12	-45.41	80.73	0.46	-72.03	-1.14	17.78	-0.69	-0.03	0.22	-461.69	605.77	125.50	44.99	0.00	-168.99	-1.64	-1.62	1.39
42	-53.25	-74.69	0.00	49.20	2.02	-46.05	80.49	0.83	-72.78	-0.93	18.41	-0.66	-0.10	0.20	-456.82	606.36	123.87	45.00	0.00	-169.83	-1.50	-0.77	0.26
43	-53.56	-74.72	0.00	49.34	1.89	-46.71	80.26	1.03	-72.71	-0.88	18.27	-0.68	-0.04	0.21	-451.93	606.95	122.27	45.00	-0.01	-170.67	-1.19	-0.85	0.77
44	-53.87	-74.76	0.00	49.48	1.77	-47.37	80.03	0.42	-71.72	-1.18	17.73	-0.65	-0.05	0.24	-447.09	607.53	120.71	45.00	-0.00	-171.50	-1.12	-0.46	0.06
45	-54.18	-74.81	0.00	49.60	1.64	-48.02	79.81	0.49	-72.83	-1.16	18.18	-0.68	0.02	0.22	-442.22	608.18	119.14	45.00	-0.00	-172.33	-1.66	-0.71	0.52
46	-54.50	-74.87	0.00	49.70	1.50	-48.68	79.59	0.27	-71.94	-1.20	17.93	-0.67	0.03	0.23	-437.26	608.84	117.54	44.99	0.00	-173.17	-1.58	-0.48	0.00
47	-54.84	-74.94	0.00	49.82	1.32	-49.43	79.36	0.33	-72.50	-1.23	17.94	-0.67	0.02	0.21	-431.87	609.46	115.79	44.99	-0.00	-174.10	-1.52	-0.97	0.55
48	-55.14	-75.01	0.00	49.91	1.17	-50.06	79.16	0.97	-72.33	-0.89	17.96	-0.66	0.03	0.23	-427.21	609.99	114.14	44.99	0.00	-174.90	-1.39	-0.22	-0.13
49	-55.37	-75.07	0.00	49.96	1.04	-50.54	79.01	-0.33	-72.46	-1.49	17.94	-0.68	0.06	0.24	-423.71	610.42	112.97	44.99	-0.00	-175.50	-1.59	-0.63	0.42
50	-55.50	-75.10	0.00	49.99	0.97	-50.81	78.93	0.36	-72.30	-1.08	17.90	-0.65	0.09	0.22	-421.79	610.72	112.41	44.99	-0.00	-175.82	-1.23	-0.36	0.11
51	-55.55	-75.11	0.00	50.00	0.94	-50.93	78.89	-0.02	-72.21	-1.21	17.83	-0.66	0.07	0.21	-420.93	610.82	112.14	44.99	-0.00	-175.97	-1.56	-0.37	0.07
52	-55.57	-75.12	0.00	50.01	0.94	-50.96	78.88	1.22	-72.37	-0.94	17.93	-0.65	0.05	0.19	-420.69	610.84	112.05	44.98	-0.00	-176.01	-2.10	-0.89	0.48
53	-55.57	-75.12	0.00	50.01	0.93	-50.97	78.88	1.06	-72.24	-0.86	17.89	-0.66	0.03	0.18	-420.68	610.82	112.03	44.99	-0.00	-176.02	-1.08	-0.69	0.32
54	-55.57	-75.12	0.00	50.01	0.93	-50.97	78.88	0.84	-72.36	-0.88	17.93	-0.66	0.02	0.17	-420.67	610.81	112.02	44.99	-0.00	-176.02	-0.86	-0.75	0.50
55	-55.57	-75.12	0.00	50.01	0.93	-50.97	78.88	0.40	-72.25	-1.01	17.89	-0.66	0.00	0.17	-420.67	610.81	112.01	44.99	-0.00	-176.02	-0.70	-0.53	0.25
56	-55.57	-75.12	0.00	50.00	0.93	-50.95	78.88	0.29	-71.60	-1.09	17.80	-0.66	-0.03	0.16	-420.70	610.85	112.00	44.99	-0.00	-176.01	-0.93	-0.22	0.29
57	-55.57	-75.19	0.00	49.97	0.93	-50.93	78.88	0.41	-71.59	-1.06	18.01	-0.66	-0.07	0.16	-420.69	610.84	111.35	44.99	-0.00	-176.01	-1.22	0.89	-0.93
58	-55.57	-75.34	0.00	49.88	0.94	-50.86	78.88	0.60	-71.15	-0.97	17.79	-0.65	-0.08	0.17	-420.72	610.88	109.84	44.99	-0.00	-176.01	-1.28	0.87	-0.42
59	-55.57	-75.65	0.00	49.72	0.94	-50.71	78.87	0.54	-71.11	-1.06	18.04	-0.66	-0.16	0.19	-420.70	610.86	106.87	44.99	-0.01	-176.00	-1.42	1.71	-1.38
60	-55.57	-76.10	0.00	49.47	0.94	-50.51	78.87	0.53	-71.92	-0.98	18.32	-0.66	-0.21	0.20	-420.69	610.84	102.49	44.99	-0.00	-176.01	-1.22	1.01	-0.69
61	-55.57	-76.64	0.00	49.16	0.94	-50.29	78.86	0.65	-72.15	-0.91	17.71	-0.64	-0.12	0.21	-420.68	610.82	97.34	44.99	-0.00	-176.02	-1.42	1.76	-0.79
62	-55.57	-77.19	0.00	48.83	0.95	-50.06	78.86	0.56	-72.12	-0.99	17.81	-0.64	-0.17	0.17	-420.69	610.83	92.17	44.99	-0.00	-176.01	-1.30	1.34	-1.17
63	-55.57	-77.74	0.00	48.49	0.95	-49.85	78.86	0.52	-72.45	-1.02	17.93	-0.66	-0.15	0.19	-420.69	610.84	87.01	44.99	-0.00	-176.01	-1.32	1.62	-0.72
64	-55.57	-78.29	0.00	48.13	0.95	-49.64	78.85	0.52	-71.42	-0.98	17.49	-0.64	-0.16	0.20	-420.73	610.89	81.90	44.99	-0.00	-176.00	-1.33	1.49	-1.55
65	-55.57	-78.85	0.00	47.78	0.96	-49.45	78.85	0.46	-72.54	-1.07	17.98	-0.66	-0.19	0.20	-420.71	610.86	76.81	44.99	-0.00	-176.01	-1.34	1.76	-1.00
66	-55.57	-79.42	0.00	47.40	0.96	-49.26	78.84	0.49	-72.05	-1.04	17.48	-0.65	-0.14	0.21	-420.68	610.82	71.60	44.99	-0.00	-176.01	-1.38	1.67	-1.58
67	-55.57	-80.00	0.00	47.00	0.96	-49.08	78.83	0.46	-72.84	-1.07	17.82	-0.65	-0.15	0.20	-420.68	610.82	66.41	44.99	-0.00	-176.02	-1.39	1.91	-1.29
68	-55.57	-80.58	0.00	46.59	0.96	-48.91	78.83	0.47	-71.96	-1.03	17.48	-0.64	-0.16	0.20	-420.68	610.82	61.26	44.99	-0.00	-176.02	-1.36	1.74	-1.55
69	-55.57	-81.17	0.00	46.17	0.97	-48.75	78.83	0.54	-73.92	-1.02	17.91	-0.66	-0.17	0.20	-420.69	610.83	56.15	44.99	-0.00	-176.01	-1.33	1.60	-1.04
70	-55.57	-81.76	0.00	45.71	0.97	-48.60	78.82	0.47	-72.18	-1.04	17.39	-0.65	-0.13	0.20	-420.73	610.89	51.05	44.99	-0.01	-176.00	-1.41	1.93	-1.66
71	-55.57	-82.37	0.00	45.26	0.97	-48.46	78.82	0.50	-72.91	-1.05	17.49	-0.64	-0.18	0.20	-420.70	610.86	45.81	44.99	-0.00	-176.01	-1.43	1.97	-1.61
72	-55.57	-82.98	0.00	44.79	0.97	-48.32	78.82	0.55	-72.84	-0.99	17.88	-0.65	-0.22	0.20	-420.68	610.82	40.60	44.99	-0.00	-176.02	-1.42	1.84	-1.13
73	-55.57	-83.59	0.00	44.29	0.98	-48.20	78.81	0.55	-72.29	-1.01	17.87	-0.66	-0.23	0.19	-420.72	610.88	35.59	44.99	-0.00	-176.00	-1.45	2.08	-1.50
74	-55.57	-84.25	0.00	43.75	0.98	-48.07	78.81	0.55	-72.33	-0.98	17.59	-0.64	-0.17	0.19	-420.70	610.85	29.98	44.99	-0.00	-176.00	-1.53	2.45	-1.95
75	-55.57	-84.88	0.00	43.22	0.98	-47.97	78.81	0.52	-72.47	-1.02	17.18	-0.64	-0.12	0.18	-420.73	610.89	24.93	44.99	-0.00	-176.00	-1.40	2.00	-1.66
76	-55.57	-85.52	0.00	42.67	0.98	-47.89	78.81	0.49	-72.83	-1.01	17.37	-0.63	-0.18	0.18	-420.71	610.86	19.75	44.99	-0.00	-176.01	-1.55	2.87	-2.67
77	-55.57	-86.16	0.00	42.11	0.98	-47.81	78.81	0.51	-72.15	-0.98	17.31	-0.62	-0.22	0.18	-420.69	610.84	14.60	44.99	-0.00	-176.01	-1.52	2.60	-2.35
78	-55.57	-86.82	0.00	41.53	0.98	-47.74	78.81	0.49	-73.36	-1.03	17.48	-0.63	-0.17	0.18	-420.69	610.84	9.40	44.99	-0.00	-176.01	-1.46	2.53	-2.13
79	-55.57	-87.48	0.00	40.92	0.98	-47.68	78.81	0.50	-72.30	-0.99	17.63	-0.65	-0.21	0.18	-420.69	610.84	4.18	44.99	-0.00	-176.01	-1.44	2.21	-1.77
80	-55.57	-88.15	0.00	40.30	0.98	-47.64	78.81	0.48	-72.44	-1.02	17.21	-0.64	-0.17	0.17	-420.69	610.83	-0.88	44.98	-0.00	-176.01	-1.58	3.02	-2.67
81	-55.57	-88.79	0.00	39.68	0.99	-47.61	78.81	0.48	-74.03	-1.07	17.82	-0.67	-0.19	0.17	-420.69	610.83	-5.78	44.98	-0.00	-176.01	-1.56	2.87	-2.46
82	-55.57	-89.22	0.00	39.20	0.99	-47.60	78.81	0.21	-60.45	-1.06	13.74	-0.68	-1.02	0.16	-420.91	611.16	-8.58	44.98	-0.01	-175.95	-2.48	6.31	-17.70
83	-55.57	-89.44	0.00	38.92	0.99	-47.60	78.81	0.21	-48.88	-1.20	9.52	-0.72	-1.86	0.17	-421.14	611.48	-9.89	44.98	-0.02	-175.90	-2.91	8.98	-36.82
84	-55.57	-89.57	0.00	38.80	0.99	-47.59	78.81	0.30	-42.31	-1.27	6.77	-0.76	-1.97	0.18	-421.11	611.45	-10.90	44.98	-0.02	-175.90	-2.97	8.88	-47.71
85	-55.57	-89.63	0.00	38.77	0.99	-47.58	78.81	0.44	-38.51	-1.15	4.28	-0.74	-1.48	0.17	-421.05	611.35	-11.44	44.98	-0.02	-175.91	-2.47	5.22	-51.95
86	-55.57	-89.65	0.00	38.77	0.99	-47.59	78.81	0.30	-35.35	-1.33	1.31	-0.81	-0.64	0.14	-420.94	611.19	-11.75	44.98	-0.01	-175.94	-1.14	-1.48	-52.58
87	-55.57	-89.67	0.00	38.78	0.99	-47.59	78.81	0.25	-33.49	-1.38	-0.11	-0.83	-0.27	0.13	-420.87	611.08	-11.97	44.98	-0.01	-175.96	-0.19	-6.19	-53.11
88	-55.57	-89.68	0.00	38.79	0.99	-47.59	78.81	0.25	-32.40	-1.40	-0.85	-0.84	-0.12	0.12	-420.81	611.00	-12.13	44.98	-0.00	-175.98	0.13	-7.73	-53.91
89	-55.57	-89.69	0.00	38.79	0.99	-47.59	78.80	0.50	-31.57	-1.37	-1.22	-0.84	-0.03	0.18	-420.75	610.92	-12.26	44.99	-0.00	-175.99	0.12	-8.25	-54.65
90	-55.59	-89.71	0.00	38.76	0.99	-47.61	78.76	6.08	-31.96	1.38	0.01	-0.03	-0.57	0.40	-420.55	611.06	-12.40	45.00	0.00	-176.01	-5.53	-5.97	-56.42
91	-55.68	-89.75	0.02	38.69	1.00	-47.67	78.65	11.30	-33.65	3.98	1.90	0.62	-1.14	0.51	-419.73	611.74	-12.51	45.02	0.03	-176.03	-14.04	-1.09	-58.34
92	-55.90	-89.82	0.01	38.54	1.02	-47.74	78.43	13.13	-33.45	4.82	1.64	0.80	-1.05	0.55	-417.52	613.70	-12.58	45.01	0.01	-176.02	-16.87	-0.43	-58.18
93	-56.27	-89.90	0.00	38.36	1.05	-47.82	78.06	13.43	-31.81	5.02	0.28	0.95	-0.75	0.57	-413.79	616.71	-12.71	44.99	0.00	-176.01	-17.91	-3.34	-58.11
94	-56.67	-89.94	-0.00	38.31	1.09	-47.85	77.64	12.03	-30.66	4.64	-0.58	0.85	-0.55	0.54	-409.46	619.65	-12.92	44.99	-0.00	-176.01	-17.49	-5.34	-58.80
95	-57.08	-89.92	-0.00	38.38	1.12	-47.78	77.21	13.35	-30.25	5.33	-1.94	0.96	-0.41	0.57	-404.99	622.30	-13.10	44.99	-0.01	-176.00	-17.56	-12.18	-57.23
96	-57.48	-89.85	-0.00	38.58	1.16	-47.65	76.78	14.56	-28.88	5.92	-4.00	1.13	0.15	0.59	-400.39	624.62	-13.27	44.99	-0.01	-175.99	-16.88	-18.44	-56.00
97	-57.87	-89.72	-0.00	38.91	1.20	-47.45	76.36	16.48	-25.75	6.94	-6.11	1.38	0.62	0.58	-395.70	626.57	-13.41	44.99	-0.01	-175.98	-18.77	-24.90	-54.99
98	-58.24	-89.54	0.00	39.36	1.26	-47.18	75.93	16.92	-24.83	6.79	-7.55	1.25	1.16	0.53	-391.07	628.05	-13.56	45.00	0.01	-175.97	-18.20	-30.18	-55.90
99	-58.63	-89.29	0.00	39.96	1.30	-46.85	75.51	17.83	-24.28	6.93	-7.48	1.12	1.06	0.58	-386.00	629.39	-13.50	44.99	0.00	-175.97	-18.94	-30.95	-55.05
100	-59.02	-89.02	0.00	40.64	1.34	-46.44	75.10	17.36	-21.84	7.16	-8.76	1.19	1.10	0.54	-380.77	630.37	-13.75	44.99	-0.00	-175.97	-17.63	-31.37	-58.19
101	-59.39	-88.70	0.00	41.42	1.38	-45.98	74.70	18.35	-18.61	7.95	-11.52	1.36	1.67	0.52	-375.67	630.94	-13.94	44.98	-0.00	-175.97	-17.80	-35.54	-59.69
102	-59.75	-88.35	0.00	42.30	1.43	-45.45	74.29	17.24	-17.26	7.73	-12.01	1.30	1.51	0.54	-370.50	631.06	-14.24	44.99	-0.01	-175.97	-16.97	-36.71	-62.05
103	-60.10	-87.97	0.00	43.28	1.47	-44.88	73.91	13.69	-16.04	6.03	-11.45	0.89	1.21	0.54	-365.23	630.81	-14.60	44.98	-0.01	-175.99	-14.95	-33.08	-66.14
104	-60.43	-87.55	0.00	44.31	1.51	-44.25	73.53	15.42	-13.77	6.50	-13.56	0.85	1.39	0.51	-360.26	630.32	-14.69	45.00	-0.02	-175.97	-13.49	-38.17	-66.57
105	-60.75	-87.12	-0.00	45.44	1.57	-43.61	73.16	13.21	-13.25	5.81	-13.77	0.80	1.57	0.48	-354.98	629.27	-15.10	44.98	-0.00	-176.00	-10.07	-34.89	-68.83
106	-61.05	-86.65	0.00	46.59	1.61	-42.90	72.81	14.89	-11.56	6.36	-16.39	0.91	2.55	0.50	-350.10	628.10	-15.17	44.99	-0.01	-175.98	-10.55	-42.69	-66.60
107	-61.33	-86.16	0.00	47.82	1.67	-42.17	72.48	13.97	-9.53	6.37	-17.89	0.87	2.65	0.50	-345.33	626.45	-15.30	45.00	-0.01	-175.98	-9.61	-47.12	-66.76
108	-61.59	-85.66	0.00	49.08	1.71	-41.37	72.16	16.41	-6.44	7.84	-20.35	0.99	3.46	0.35	-340.57	624.57	-15.47	45.00	-0.02	-175.94	-10.29	-50.51	-68.86
109	-61.84	-85.15	0.00	50.39	1.77	-40.60	71.86	14.23	-4.57	6.78	-21.44	0.66	3.15	0.33	-335.94	622.22	-15.64	45.00	-0.02	-175.96	-9.05	-52.00	-71.62
110	-62.06	-84.64	0.00	51.73	1.82	-39.82	71.59	13.75	-3.35	6.69	-21.36	0.65	3.05	0.32	-331.43	619.40	-15.97	44.99	-0.00	-176.00	-9.05	-48.97	-76.16
111	-62.26	-84.12	0.00	53.07	1.87	-39.00	71.33	11.87	-1.80	5.71	-21.90	0.42	3.24	0.32	-327.11	616.55	-16.12	44.99	-0.01	-175.99	-7.47	-49.60	-77.45
112	-62.43	-83.58	0.00	54.47	1.93	-38.12	71.09	11.45	1.14	5.16	-25.00	0.39	4.06	0.36	-323.04	613.25	-16.21	44.99	-0.02	-175.97	-3.34	-55.91	-75.73
113	-62.59	-83.06	0.00	55.84	1.99	-37.29	70.89	10.58	1.68	5.31	-26.41	0.38	4.11	0.26	-319.17	609.70	-16.37	44.98	-0.01	-175.99	-2.01	-55.84	-79.50
114	-62.70	-82.55	0.00	57.21	2.04	-36.44	70.71	10.22	3.52	4.39	-25.27	-0.12	3.68	0.16	-315.62	605.83	-16.59	44.99	-0.00	-176.00	-1.76	-55.14	-81.62
115	-62.79	-82.04	-0.00	58.57	2.08	-35.58	70.57	10.15	6.28	4.66	-29.82	0.04	4.94	0.11	-312.43	601.88	-16.65	44.99	-0.01	-175.98	0.67	-61.31	-81.71
116	-62.85	-81.55	-0.00	59.89	2.13	-34.76	70.44	10.50	5.65	4.76	-27.90	-0.18	3.89	0.04	-309.54	597.65	-16.76	45.00	-0.01	-176.00	1.07	-59.88	-82.84
117	-62.88	-81.07	-0.00	61.23	2.18	-33.92	70.35	8.16	7.98	3.46	-29.17	-0.27	4.06	-0.02	-306.74	593.19	-16.96	44.99	-0.01	-176.00	2.14	-57.63	-86.63
118	-62.88	-80.59	-0.01	62.53	2.23	-33.09	70.31	3.26	6.48	0.97	-29.99	-0.57	4.78	-0.02	-304.40	588.64	-16.99	44.98	-0.01	-176.00	8.02	-57.83	-84.76
119	-62.85	-80.13	-0.00	63.81	2.28	-32.28	70.28	1.26	7.31	-0.08	-29.54	-0.64	4.59	-0.04	-302.39	583.81	-17.10	44.98	-0.01	-176.01	12.90	-56.85	-85.47
120	-62.78	-79.69	-0.00	65.03	2.33	-31.48	70.29	0.79	7.47	-0.52	-30.81	-0.88	4.63	-0.40	-300.84	579.05	-17.04	44.99	-0.01	-175.99	15.09	-58.26	-84.77
121	-62.67	-79.26	-0.00	66.24	2.37	-30.69	70.34	1.55	8.36	0.02	-30.98	-0.88	4.66	-0.60	-299.60	573.96	-17.12	44.99	-0.01	-175.99	16.20	-59.76	-84.64
122	-62.53	-78.84	-0.00	67.44	2.40	-29.93	70.44	1.08	8.74	-0.35	-29.55	-1.17	4.35	-0.75	-298.63	568.68	-17.18	44.99	-0.01	-176.02	15.24	-55.79	-87.96
123	-62.37	-78.46	-0.01	68.59	2.43	-29.22	70.57	-1.72	5.26	-2.22	-25.29	-1.38	3.15	-0.83	-297.80	563.35	-17.32	44.98	0.00	-176.06	14.74	-47.72	-90.38
124	-62.17	-78.09	-0.00	69.66	2.46	-28.50	70.72	-3.61	1.75	-3.98	-23.22	-1.50	2.86	-0.87	-297.57	558.21	-17.34	44.98	0.01	-176.06	17.39	-43.10	-86.57
125	-61.94	-77.74	-0.00	70.66	2.48	-27.82	70.93	-6.45	-0.52	-6.08	-24.29	-1.63	3.47	-0.88	-297.78	553.22	-17.24	44.97	-0.00	-176.03	21.29	-42.95	-82.35
126	-61.67	-77.41	-0.00	71.62	2.50	-27.19	71.17	-6.62	-3.48	-6.61	-22.15	-1.61	3.11	-0.88	-298.37	548.03	-17.16	44.98	0.00	-176.03	22.72	-40.77	-80.04
127	-61.37	-77.11	-0.01	72.51	2.51	-26.59	71.44	-7.77	-6.11	-6.77	-21.00	-1.66	3.22	-0.92	-299.29	543.01	-17.04	44.98	-0.00	-176.02	23.57	-40.44	-74.69
128	-61.04	-76.83	-0.01	73.34	2.51	-26.03	71.77	-8.82	-6.69	-7.80	-20.84	-1.64	3.18	-0.92	-300.50	538.04	-16.97	44.97	-0.01	-176.03	24.65	-39.41	-73.19
129	-60.68	-76.57	0.00	74.10	2.50	-25.52	72.12	-9.49	-7.07	-8.04	-20.47	-1.63	2.99	-0.95	-302.28	533.13	-16.83	44.99	0.00	-176.01	25.96	-39.30	-72.08
130	-60.30	-76.38	0.01	74.78	2.48	-25.06	72.51	-9.91	-0.83	-9.12	-21.66	-1.92	2.71	-1.07	-304.05	528.10	-17.24	44.98	0.02	-176.06	25.09	-36.40	-83.32
131	-59.89	-76.17	0.00	75.42	2.46	-24.64	72.93	-10.33	-4.75	-9.95	-18.72	-1.98	2.09	-1.02	-306.22	523.40	-17.16	44.98	0.02	-176.08	26.39	-34.01	-83.21
132	-59.44	-75.98	0.00	76.01	2.42	-24.26	73.40	-11.11	-10.05	-10.57	-14.28	-1.96	1.10	-1.00	-308.83	518.58	-17.08	44.99	0.02	-176.10	25.76	-27.38	-78.82
133	-58.99	-75.81	-0.00	76.49	2.37	-23.95	73.89	-12.72	-14.93	-11.47	-10.94	-1.93	0.58	-0.97	-311.68	514.29	-16.95	44.98	0.02	-176.11	25.82	-20.44	-75.05
134	-58.52	-75.68	-0.00	76.87	2.32	-23.69	74.40	-12.21	-19.26	-11.46	-8.14	-1.94	0.27	-0.94	-314.91	510.30	-16.76	44.98	0.02	-176.10	25.45	-15.73	-70.30
135	-58.05	-75.56	-0.00	77.17	2.25	-23.48	74.93	-11.27	-23.57	-10.76	-5.55	-1.87	-0.19	-0.93	-318.39	506.59	-16.54	44.98	0.01	-176.09	24.22	-11.74	-65.67
136	-57.62	-75.48	-0.00	77.36	2.19	-23.35	75.41	-10.65	-26.15	-10.14	-3.06	-1.81	-0.73	-0.88	-321.67	503.54	-16.33	44.99	0.01	-176.09	22.07	-7.36	-63.40
137	-57.34	-75.44	-0.00	77.45	2.14	-23.29	75.72	-10.90	-28.82	-10.27	-2.27	-1.71	-0.65	-0.83	-323.90	501.83	-16.12	45.00	0.00	-176.06	21.17	-6.15	-59.24
138	-57.19	-75.41	-0.00	77.47	2.12	-23.26	75.89	-9.22	-30.56	-8.99	-1.69	-1.56	-0.63	-0.80	-325.14	501.00	-15.96	45.00	0.00	-176.04	19.88	-5.99	-56.47
139	-57.15	-75.40	-0.00	77.48	2.12	-23.25	75.95	-9.70	-31.53	-8.96	-0.94	-1.51	-0.69	-0.77	-325.57	500.78	-15.87	44.99	-0.00	-176.03	18.59	-5.24	-55.06
140	-57.13	-75.40	-0.00	77.48	2.11	-23.25	75.96	-8.54	-32.11	-8.14	-0.36	-1.39	-0.84	-0.70	-325.73	500.73	-15.80	44.99	-0.00	-176.02	16.89	-4.13	-54.48
141	-57.13	-75.39	-0.00	77.48	2.11	-23.25	75.96	-8.21	-32.81	-7.78	0.02	-1.36	-0.89	-0.65	-325.75	500.75	-15.75	44.99	-0.00	-176.02	15.48	-3.80	-53.54
142	-57.13	-75.39	0.00	77.48	2.11	-23.25	75.96	-8.02	-32.97	-7.62	0.14	-1.34	-0.90	-0.63	-325.77	500.76	-15.73	44.99	-0.00	-176.01	14.92	-3.53	-53.44
143	-57.13	-75.39	0.00	77.48	2.11	-23.25	75.96	-7.93	-32.93	-7.55	0.28	-1.32	-0.92	-0.64	-325.77	500.76	-15.72	44.99	-0.00	-176.01	14.64	-3.28	-53.63
144	-57.11	-75.39	0.00	77.45	2.11	-23.29	75.99	-9.99	-33.28	-8.85	1.91	-1.48	-1.23	-0.75	-326.06	500.76	-15.66	44.99	0.00	-176.03	15.72	0.18	-54.06
145	-57.00	-75.43	0.00	77.31	2.08	-23.41	76.13	-10.32	-34.73	-8.79	4.93	-1.44	-1.88	-0.74	-327.36	500.69	-15.64	44.99	0.01	-176.05	14.82	6.72	-58.10
146	-56.76	-75.52	0.00	76.97	2.02	-23.66	76.43	-8.33	-37.46	-7.25	6.38	-1.23	-2.14	-0.68	-330.43	500.77	-15.45	44.98	0.01	-176.05	12.19	10.74	-56.51
147	-56.40	-75.67	0.00	76.43	1.93	-24.03	76.89	-8.06	-37.05	-7.56	7.11	-1.32	-2.45	-0.73	-335.06	500.95	-15.28	44.98	0.01	-176.04	11.13	11.56	-56.26
148	-55.98	-75.83	0.01	75.82	1.83	-24.46	77.38	-7.04	-39.28	-6.46	6.78	-1.19	-2.08	-0.69	-340.41	501.06	-14.95	45.01	0.01	-176.03	10.00	10.48	-52.67
149	-55.58	-75.99	0.01	75.21	1.74	-24.90	77.86	-5.92	-42.23	-5.64	7.04	-1.13	-1.78	-0.67	-345.54	501.24	-14.58	45.00	0.01	-176.03	9.93	9.81	-47.95
150	-55.19	-76.16	0.01	74.60	1.64	-25.35	78.35	-5.75	-44.35	-5.41	7.83	-1.08	-1.75	-0.65	-350.63	501.41	-14.21	45.00	0.01	-176.03	8.25	8.78	-43.45
151	-54.79	-76.34	0.01	73.95	1.55	-25.81	78.84	-4.98	-46.01	-4.78	8.08	-1.02	-1.55	-0.61	-355.99	501.58	-13.86	45.00	0.01	-176.03	8.25	7.82	-38.96
152	-54.41	-76.51	0.01	73.30	1.47	-26.28	79.31	-4.84	-48.18	-4.42	8.58	-0.94	-1.25	-0.63	-361.07	501.80	-13.49	44.99	0.01	-176.03	7.82	7.84	-36.39
153	-54.02	-76.69	0.01	72.65	1.39	-26.74	79.77	-4.44	-49.76	-4.31	8.46	-0.90	-1.17	-0.59	-366.23	501.96	-13.13	44.98	0.01	-176.02	7.13	6.80	-32.43
154	-53.64	-76.88	0.01	71.99	1.31	-27.20	80.22	-3.89	-51.59	-3.63	8.89	-0.85	-1.02	-0.59	-371.40	502.13	-12.77	44.99	0.01	-176.02	6.74	6.39	-29.59
155	-53.26	-77.08	0.01	71.31	1.24	-27.68	80.67	-3.87	-52.92	-3.47	9.27	-0.80	-0.95	-0.58	-376.58	502.23	-12.43	44.99	0.01	-176.02	5.67	5.85	-26.59
156	-52.90	-77.28	0.00	70.62	1.16	-28.16	81.11	-3.41	-54.43	-3.24	9.83	-0.79	-0.86	-0.56	-381.70	502.43	-12.06	45.00	0.00	-176.02	6.04	5.93	-24.72
157	-52.53	-77.49	0.01	69.92	1.09	-28.66	81.54	-3.09	-55.57	-3.00	10.03	-0.82	-0.81	-0.58	-386.81	502.60	-11.71	45.00	0.01	-176.02	5.36	4.94	-22.39
158	-52.17	-77.71	0.01	69.20	1.02	-29.15	81.97	-2.06	-56.88	-2.12	10.10	-0.67	-0.57	-0.54	-391.93	502.78	-11.38	44.99	0.01	-176.02	4.78	4.72	-19.04
159	-51.81	-77.93	0.01	68.46	0.95	-29.65	82.39	-2.53	-59.45	-2.15	10.69	-0.61	-0.43	-0.52	-397.11	502.94	-11.05	44.99	0.01	-176.02	4.08	3.95	-15.95
160	-51.45	-78.16	0.01	67.73	0.89	-30.16	82.80	-2.54	-60.72	-2.28	11.22	-0.61	-0.46	-0.55	-402.25	503.07	-10.71	44.99	0.01	-176.02	3.95	4.02	-13.35
161	-51.10	-78.40	0.01	66.97	0.83	-30.68	83.21	-2.27	-62.49	-2.09	11.85	-0.60	-0.39	-0.52	-407.45	503.21	-10.35	45.00	0.01	-176.02	3.98	3.40	-10.67
162	-50.75	-78.64	0.01	66.20	0.77	-31.20	83.61	-1.33	-64.28	-1.39	12.39	-0.54	-0.27	-0.53	-412.54	503.39	-9.99	45.00	0.00	-176.02	3.44	3.09	-8.35
163	-50.46	-78.85	0.01	65.53	0.72	-31.65	83.95	-1.29	-65.24	-1.42	12.27	-0.53	-0.16	-0.52	-416.88	503.59	-9.67	44.99	0.00	-176.01	2.82	2.76	-6.59
164	-50.29	-78.98	0.01	65.13	0.69	-31.93	84.14	-0.91	-66.17	-1.13	12.70	-0.51	-0.13	-0.47	-419.46	503.69	-9.49	44.99	0.00	-176.02	2.70	2.66	-4.93
165	-50.22	-79.03	0.01	64.96	0.68	-32.04	84.22	-0.90	-65.26	-1.09	12.12	-0.48	-0.05	-0.44	-420.55	503.75	-9.36	45.00	0.00	-176.01	2.52	2.26	-4.26
166	-50.20	-79.05	0.01	64.94	0.67	-32.07	84.25	-1.26	-66.22	-1.29	12.68	-0.53	-0.05	-0.38	-420.70	503.68	-9.41	44.99	0.00	-176.03	2.88	1.86	-4.19
167	-50.20	-79.05	0.01	64.93	0.67	-32.07	84.25	-1.14	-66.16	-1.19	12.69	-0.52	-0.13	-0.37	-420.78	503.68	-9.38	45.00	0.00	-176.02	2.75	1.69	-3.70
168	-50.20	-79.05	0.01	64.93	0.67	-32.07	84.25	-1.05	-66.17	-1.15	12.72	-0.50	-0.13	-0.36	-420.79	503.69	-9.37	45.00	0.00	-176.02	2.12	1.70	-3.73
169	-50.20	-79.05	0.01	64.92	0.67	-32.07	84.25	-1.05	-66.22	-1.16	12.77	-0.50	-0.13	-0.36	-420.79	503.70	-9.37	45.00	0.00	-176.02	2.03	1.75	-3.77
170	-50.19	-79.05	0.01	64.88	0.67	-32.09	84.27	-2.46	-66.24	-1.62	12.95	-0.52	-0.08	-0.44	-421.02	503.89	-9.25	44.98	0.00	-176.00	2.17	2.32	-3.21
171	-50.11	-79.12	0.01	64.69	0.67	-32.21	84.35	-2.36	-65.61	-1.59	12.99	-0.53	-0.11	-0.46	-422.23	503.84	-9.29	44.99	0.01	-176.00	2.93	2.55	-4.08
172	-49.93	-79.30	0.01	64.24	0.64	-32.48	84.56	-2.09	-65.51	-1.32	12.42	-0.50	-0.04	-0.43	-424.96	503.94	-9.38	44.98	0.01	-176.00	2.88	2.75	-4.35
173	-49.64	-79.58	0.00	63.51	0.59	-32.93	84.89	-2.87	-64.71	-2.04	12.61	-0.60	-0.20	-0.49	-429.37	504.02	-9.53	44.99	0.00	-176.00	3.53	2.96	-6.49
174	-49.30	-79.91	0.00	62.63	0.54	-33.47	85.27	-2.76	-63.67	-2.24	13.02	-0.69	-0.31	-0.52	-434.59	504.11	-9.65	44.99	0.01	-176.00	3.21	3.80	-9.79
175	-48.96	-80.26	0.00	61.73	0.49	-34.01	85.64	-2.06	-62.78	-2.05	12.18	-0.66	-0.33	-0.50	-439.81	504.27	-9.79	45.00	0.00	-175.99	3.56	3.49	-11.31
176	-48.64	-80.61	0.00	60.82	0.44	-34.56	86.02	-2.77	-60.56	-2.37	12.01	-0.72	-0.56	-0.54	-444.91	504.39	-9.94	44.99	0.00	-175.99	4.39	4.29	-14.40
177	-48.31	-80.97	0.00	59.89	0.40	-35.13	86.38	-3.02	-58.79	-2.40	11.49	-0.76	-0.69	-0.56	-450.07	504.50	-10.07	45.00	0.00	-175.99	4.60	4.73	-17.70
178	-47.99	-81.35	0.00	58.95	0.35	-35.71	86.73	-3.12	-57.54	-2.43	11.28	-0.79	-0.80	-0.53	-455.19	504.57	-10.28	45.00	0.00	-176.00	4.87	5.34	-20.23
179	-47.68	-81.73	0.00	57.99	0.31	-36.29	87.10	-3.77	-55.92	-2.88	11.17	-0.90	-0.90	-0.57	-460.30	504.71	-10.47	44.98	0.00	-176.00	5.95	6.17	-23.66
180	-47.36	-82.13	0.00	56.99	0.26	-36.88	87.45	-3.69	-54.75	-2.90	10.97	-0.99	-1.04	-0.56	-465.39	504.87	-10.62	44.98	-0.00	-176.00	6.13	6.89	-27.72
181	-47.05	-82.54	0.00	55.97	0.22	-37.49	87.79	-5.08	-52.89	-3.74	10.65	-1.05	-1.25	-0.57	-470.58	504.99	-10.79	44.99	-0.01	-175.99	6.71	7.67	-30.28
182	-46.74	-82.96	0.00	54.93	0.19	-38.10	88.14	-4.37	-50.69	-3.16	9.84	-1.07	-1.31	-0.62	-475.79	505.10	-10.95	44.98	-0.00	-175.99	6.93	7.57	-33.04
183	-46.43	-83.39	-0.00	53.87	0.15	-38.73	88.47	-5.15	-49.69	-3.79	9.61	-1.16	-1.47	-0.63	-480.92	505.17	-11.14	44.98	-0.00	-175.99	8.08	8.46	-36.62
184	-46.12	-83.83	-0.00	52.79	0.11	-39.37	88.80	-5.40	-47.91	-3.91	9.20	-1.26	-1.67	-0.65	-486.09	505.27	-11.32	44.99	-0.01	-175.99	8.71	9.07	-39.29
185	-45.82	-84.29	-0.00	51.67	0.08	-40.03	89.12	-5.51	-47.05	-3.83	9.44	-1.27	-1.81	-0.66	-491.29	505.39	-11.46	45.00	-0.01	-175.99	8.64	10.35	-42.60
186	-45.53	-84.77	-0.00	50.49	0.05	-40.70	89.45	-4.48	-45.28	-3.56	8.49	-1.22	-1.82	-0.68	-496.57	505.67	-11.51	44.98	-0.00	-175.96	8.29	10.05	-44.02
187	-45.25	-85.25	-0.00	49.34	0.02	-41.40	89.76	-6.33	-43.65	-4.42	7.81	-1.44	-2.15	-0.72	-501.46	505.79	-11.76	44.98	-0.00	-176.00	9.63	10.86	-47.45
188	-44.96	-85.75	0.00	48.14	-0.01	-42.10	90.07	-6.41	-42.48	-4.40	7.52	-1.43	-2.23	-0.69	-506.63	505.81	-11.96	44.98	0.00	-176.00	10.06	11.84	-50.25
189	-44.69	-86.22	0.00	47.04	-0.04	-42.72	90.35	-5.80	-40.57	-4.36	7.17	-1.52	-2.26	-0.72	-511.35	505.79	-12.10	44.99	-0.00	-175.98	11.21	11.31	-52.36
190	-44.52	-86.53	0.01	46.30	-0.06	-43.16	90.53	-5.85	-39.47	-4.09	6.66	-1.44	-2.30	-0.70	-514.30	505.87	-12.24	44.99	-0.00	-175.99	10.00	12.13	-55.49
191	-44.46	-86.66	0.01	46.00	-0.07	-43.34	90.59	-5.38	-39.07	-3.63	6.38	-1.31	-2.27	-0.65	-515.47	505.86	-12.34	45.00	-0.00	-176.00	9.24	11.30	-55.61
192	-44.43	-86.70	0.01	45.92	-0.07	-43.38	90.62	-6.03	-38.82	-4.00	5.45	-1.41	-1.87	-0.66	-515.84	505.82	-12.38	45.00	-0.00	-176.00	9.18	9.21	-54.62
193	-44.43	-86.71	0.01	45.91	-0.07	-43.39	90.62	-5.31	-38.20	-3.70	4.56	-1.34	-1.59	-0.60	-515.84	505.80	-12.41	44.99	-0.00	-176.01	8.50	6.21	-53.48
194	-44.43	-86.71	0.01	45.91	-0.07	-43.39	90.62	-5.21	-37.80	-3.68	4.23	-1.34	-1.50	-0.59	-515.83	505.78	-12.45	44.99	-0.00	-176.01	8.17	4.70	-53.56
195	-44.43	-86.71	0.01	45.91	-0.07	-43.39	90.62	-5.19	-37.63	-3.68	4.06	-1.34	-1.45	-0.59	-515.82	505.77	-12.47	44.99	-0.00	-176.01	8.10	4.23	-53.54
196	-44.43	-86.72	0.01	45.89	-0.07	-43.39	90.63	-6.74	-38.75	-4.23	5.61	-1.43	-1.87	-0.67	-515.92	505.79	-12.47	44.99	-0.00	-176.00	8.54	6.69	-54.02
197	-44.37	-86.77	0.01	45.77	-0.08	-43.46	90.70	-8.94	-38.46	-5.46	5.45	-1.74	-1.81	-0.77	-516.73	505.47	-12.50	44.99	0.00	-176.00	11.87	7.95	-54.49
198	-44.21	-86.89	0.01	45.49	-0.09	-43.62	90.88	-10.10	-38.25	-6.21	5.39	-1.96	-1.79	-0.80	-518.65	504.62	-12.58	44.98	0.00	-176.00	13.97	7.97	-54.75
199	-43.92	-87.09	0.01	45.05	-0.12	-43.87	91.18	-11.62	-36.32	-7.14	4.53	-2.11	-1.75	-0.82	-522.08	502.85	-12.72	44.98	0.00	-176.00	15.54	7.34	-56.06
200	-43.52	-87.29	0.01	44.58	-0.15	-44.11	91.60	-10.06	-34.99	-6.38	2.95	-2.04	-1.51	-0.84	-526.50	500.25	-12.81	44.99	0.00	-175.97	15.57	5.36	-57.44
201	-43.12	-87.44	0.01	44.24	-0.19	-44.29	92.04	-11.42	-32.50	-6.66	1.55	-2.03	-1.26	-0.83	-530.65	497.14	-12.98	44.98	0.00	-175.98	15.91	3.07	-59.10
202	-42.71	-87.54	0.01	44.07	-0.23	-44.36	92.46	-11.33	-31.11	-7.13	0.70	-2.20	-1.14	-0.85	-534.41	493.70	-13.24	44.99	0.00	-175.97	16.91	1.34	-61.10
203	-42.30	-87.57	0.00	44.04	-0.28	-44.38	92.91	-12.16	-29.07	-7.17	-0.98	-2.18	-0.87	-0.88	-537.88	489.86	-13.50	44.99	0.00	-175.98	18.13	-1.68	-62.43
204	-41.86	-87.56	0.00	44.18	-0.32	-44.26	93.37	-13.40	-25.77	-7.85	-3.43	-2.26	-0.80	-0.91	-541.12	485.40	-14.04	45.00	-0.00	-175.98	19.42	-9.09	-63.18
205	-41.45	-87.46	0.00	44.47	-0.36	-44.07	93.81	-13.89	-23.74	-8.49	-5.37	-2.46	-0.40	-0.95	-543.83	480.97	-14.31	44.99	0.00	-175.98	18.92	-13.33	-63.47
206	-41.05	-87.30	0.00	44.89	-0.41	-43.80	94.24	-14.21	-22.65	-8.30	-6.90	-2.29	0.14	-0.89	-546.15	476.39	-14.52	45.00	-0.00	-175.97	20.03	-19.55	-63.30
207	-40.69	-87.08	-0.01	45.46	-0.46	-43.44	94.65	-15.49	-19.62	-8.87	-10.04	-2.38	1.19	-0.90	-547.82	471.90	-14.67	44.98	-0.02	-175.96	20.43	-25.69	-62.10
208	-40.31	-86.78	-0.00	46.16	-0.49	-43.01	95.06	-15.51	-19.54	-9.19	-11.43	-2.33	1.71	-0.91	-549.34	466.96	-14.66	44.98	-0.01	-175.95	19.97	-30.25	-60.78
209	-39.92	-86.46	0.01	47.02	-0.53	-42.50	95.47	-14.30	-16.73	-8.49	-11.47	-2.20	1.24	-0.88	-550.39	461.45	-15.01	44.98	0.01	-175.97	19.60	-32.01	-63.34
210	-39.58	-86.11	0.01	47.94	-0.57	-41.93	95.84	-15.94	-13.86	-9.75	-16.00	-2.46	2.58	-0.90	-550.90	456.33	-15.26	44.99	0.01	-175.96	19.86	-37.74	-64.18
211	-39.25	-85.71	0.01	48.99	-0.62	-41.30	96.20	-13.55	-13.22	-8.31	-14.94	-2.07	2.10	-0.84	-550.76	451.06	-15.67	44.99	0.01	-175.98	18.45	-36.14	-67.34
212	-38.96	-85.28	0.01	50.08	-0.66	-40.61	96.54	-13.83	-9.92	-8.38	-16.86	-1.93	2.16	-0.82	-550.36	446.06	-15.76	44.99	0.01	-175.95	17.21	-40.94	-69.17
213	-38.68	-84.83	0.01	51.27	-0.69	-39.91	96.84	-12.12	-8.48	-7.51	-16.65	-1.67	1.83	-0.76	-549.31	440.88	-16.11	45.00	0.01	-175.99	16.66	-41.19	-70.93
214	-38.43	-84.36	0.01	52.51	-0.73	-39.13	97.13	-10.40	-6.53	-6.96	-19.49	-1.82	2.90	-0.78	-547.95	435.77	-16.34	44.99	0.01	-175.97	12.42	-43.41	-72.16
215	-38.21	-83.87	0.01	53.80	-0.77	-38.33	97.37	-10.03	-4.21	-6.29	-21.45	-1.45	3.21	-0.69	-546.08	431.08	-16.51	45.00	0.01	-175.97	11.06	-46.50	-72.76
216	-38.02	-83.37	0.01	55.13	-0.81	-37.52	97.60	-7.72	-3.06	-5.21	-22.33	-1.37	3.61	-0.68	-543.74	426.43	-16.70	45.01	0.01	-175.98	8.32	-47.58	-74.82
217	-37.87	-82.86	0.02	56.47	-0.83	-36.69	97.78	-6.11	-1.23	-3.71	-22.50	-1.10	3.22	-0.71	-541.08	421.98	-16.83	45.00	0.02	-175.98	4.86	-49.36	-75.57
218	-37.76	-82.36	0.01	57.83	-0.86	-35.85	97.93	-3.44	-0.85	-2.35	-23.83	-0.85	3.48	-0.69	-537.83	417.85	-17.06	45.00	0.01	-176.00	1.43	-49.93	-76.90
219	-37.68	-81.85	0.01	59.15	-0.89	-34.98	98.03	-2.56	1.20	-1.66	-26.46	-0.69	4.07	-0.61	-534.53	414.25	-16.96	45.00	0.01	-175.94	-1.34	-57.28	-74.72
220	-37.65	-81.36	0.01	60.51	-0.92	-34.17	98.09	-1.94	1.75	-1.30	-27.14	-0.63	4.30	-0.59	-530.47	410.66	-17.27	44.99	0.00	-176.01	-1.95	-54.34	-77.61
221	-37.65	-80.87	0.01	61.83	-0.93	-33.33	98.12	1.08	2.25	0.34	-27.11	-0.39	4.11	-0.57	-526.41	407.51	-17.30	44.99	0.01	-176.00	-5.20	-54.67	-79.81
222	-37.70	-80.40	0.01	63.12	-0.95	-32.51	98.09	3.25	0.95	1.18	-26.01	-0.25	4.09	-0.16	-522.03	404.81	-17.31	45.00	0.01	-176.00	-9.07	-52.92	-78.45
223	-37.79	-79.95	0.01	64.38	-0.96	-31.72	98.02	3.91	1.42	1.72	-24.87	-0.05	3.52	0.03	-517.34	402.45	-17.36	44.99	0.00	-176.01	-11.05	-50.22	-79.18
224	-37.92	-79.52	0.01	65.57	-0.97	-30.95	97.91	4.10	-1.01	1.94	-23.72	0.07	3.48	0.15	-512.54	400.62	-17.35	44.99	0.00	-176.01	-12.03	-49.65	-79.91
225	-38.09	-79.11	0.01	66.74	-0.97	-30.22	97.74	6.06	-2.80	3.17	-23.32	0.26	3.55	0.24	-507.49	399.01	-17.40	45.00	-0.00	-176.04	-13.13	-46.25	-78.60
226	-38.30	-78.72	0.04	67.80	-0.96	-29.52	97.52	7.48	-2.97	4.73	-23.78	0.44	3.49	0.32	-502.74	397.99	-17.18	45.00	0.03	-176.02	-15.81	-48.25	-75.71
227	-38.55	-78.37	0.02	68.82	-0.94	-28.87	97.26	8.74	-2.51	5.73	-24.32	0.62	3.93	0.43	-497.48	397.51	-17.20	45.00	0.01	-176.02	-18.44	-47.73	-75.63
228	-38.86	-78.04	0.01	69.77	-0.90	-28.23	96.94	9.46	-0.31	6.12	-26.36	0.73	3.97	0.47	-492.03	397.59	-17.14	44.99	0.01	-176.02	-21.12	-52.57	-75.27
229	-39.20	-77.73	0.01	70.65	-0.88	-27.69	96.58	9.68	-3.34	6.78	-21.49	0.81	3.07	0.50	-486.61	398.05	-17.06	44.98	-0.00	-176.04	-20.03	-45.66	-76.45
230	-39.56	-77.45	0.01	71.44	-0.84	-27.19	96.18	11.08	-6.22	7.56	-19.26	0.78	2.05	0.48	-481.51	398.80	-16.95	45.00	-0.01	-176.07	-22.33	-41.00	-76.24
231	-39.96	-77.22	0.01	72.11	-0.80	-26.78	95.75	10.68	-9.81	7.56	-16.99	0.98	1.93	0.57	-476.36	400.19	-16.89	44.99	-0.01	-176.09	-20.75	-35.34	-74.51
232	-40.38	-77.03	0.01	72.69	-0.73	-26.42	95.28	10.43	-15.14	7.69	-12.66	1.06	1.13	0.58	-471.45	401.90	-16.81	44.98	-0.01	-176.11	-18.91	-28.24	-71.23
233	-40.82	-76.85	0.01	73.13	-0.67	-26.12	94.79	11.67	-18.16	8.32	-10.51	1.05	0.87	0.56	-466.98	404.24	-16.51	44.99	-0.00	-176.09	-20.98	-24.80	-67.27
234	-41.28	-76.71	0.01	73.49	-0.61	-25.89	94.26	12.25	-21.44	8.61	-8.27	1.00	0.47	0.53	-462.61	406.93	-16.26	44.99	-0.00	-176.08	-20.44	-21.55	-63.85
235	-41.77	-76.60	0.01	73.74	-0.53	-25.75	93.72	12.07	-24.88	8.94	-5.55	1.04	-0.09	0.50	-458.46	410.06	-15.98	44.99	-0.00	-176.08	-20.77	-17.45	-60.99
236	-42.25	-76.53	0.01	73.87	-0.47	-25.67	93.18	11.67	-27.71	8.58	-4.42	1.04	-0.11	0.51	-454.71	413.57	-15.66	44.99	-0.00	-176.07	-21.26	-15.00	-57.42
237	-42.73	-76.49	0.01	73.90	-0.38	-25.66	92.62	10.69	-30.92	7.52	-2.24	0.87	-0.35	0.47	-451.26	417.34	-15.39	44.99	0.00	-176.05	-19.59	-12.19	-54.38
238	-43.18	-76.49	0.01	73.84	-0.31	-25.76	92.12	8.43	-34.87	6.26	0.99	0.68	-0.83	0.43	-448.27	421.10	-15.09	44.98	-0.01	-176.08	-16.79	-6.94	-51.85
239	-43.48	-76.48	0.00	73.74	-0.27	-25.83	91.77	6.60	-38.31	4.61	3.55	0.51	-1.22	0.39	-446.57	423.79	-14.74	44.99	-0.01	-176.06	-14.71	-1.07	-48.64
240	-43.62	-76.49	0.00	73.67	-0.23	-25.88	91.61	7.23	-39.21	4.53	4.34	0.37	-1.31	0.33	-445.88	425.21	-14.58	44.98	-0.00	-176.03	-13.31	1.26	-48.06
241	-43.67	-76.50	0.00	73.63	-0.23	-25.89	91.55	6.98	-38.72	4.39	4.52	0.35	-1.45	0.32	-445.67	425.71	-14.54	44.99	-0.01	-176.03	-12.23	2.08	-48.43
242	-43.68	-76.51	0.00	73.62	-0.23	-25.90	91.54	6.38	-38.80	3.88	4.59	0.28	-1.48	0.26	-445.64	425.84	-14.53	44.99	-0.01	-176.02	-11.11	2.28	-48.73
243	-43.68	-76.51	0.00	73.62	-0.23	-25.90	91.54	5.69	-38.72	3.49	4.58	0.22	-1.48	0.23	-445.64	425.86	-14.53	44.99	-0.01	-176.02	-9.85	2.29	-48.84
244	-43.68	-76.51	0.00	73.62	-0.23	-25.90	91.54	5.41	-38.71	3.22	4.55	0.18	-1.48	0.21	-445.65	425.86	-14.53	44.99	-0.00	-176.02	-9.20	2.23	-48.93
245	-43.68	-76.51	0.00	73.61	-0.23	-25.90	91.53	5.42	-38.82	3.23	4.83	0.19	-1.55	0.25	-445.66	425.87	-14.53	44.99	-0.00	-176.02	-9.10	2.56	-49.12
246	-43.73	-76.51	0.00	73.57	-0.22	-25.93	91.48	7.56	-40.03	4.54	6.00	0.35	-1.72	0.38	-445.53	426.39	-14.44	44.99	-0.00	-176.01	-11.25	4.75	-49.03
247	-43.90	-76.57	0.01	73.38	-0.20	-26.07	91.28	7.96	-40.60	4.62	6.17	0.35	-1.63	0.37	-444.91	428.32	-14.35	45.00	-0.01	-176.01	-11.90	5.44	-48.22
248	-44.25	-76.67	0.01	73.00	-0.14	-26.35	90.88	6.00	-41.35	3.65	5.73	0.26	-1.43	0.34	-443.62	432.41	-14.07	44.99	-0.00	-176.01	-11.52	4.88	-45.05
249	-44.68	-76.81	0.01	72.53	-0.07	-26.69	90.39	6.08	-42.38	3.89	6.25	0.26	-1.43	0.33	-442.00	437.11	-13.95	45.00	-0.00	-176.03	-10.08	4.13	-44.22
250	-45.11	-76.94	0.00	72.05	0.00	-27.04	89.91	5.95	-44.99	3.22	7.73	0.12	-1.52	0.27	-440.36	442.06	-13.63	44.98	0.00	-176.03	-9.22	5.04	-41.27
251	-45.54	-77.08	0.00	71.55	0.07	-27.40	89.43	5.16	-46.88	2.59	7.71	0.08	-1.26	0.25	-438.75	446.98	-13.30	44.98	-0.00	-176.03	-8.31	5.12	-37.28
252	-45.96	-77.22	0.00	71.04	0.13	-27.77	88.95	4.11	-48.12	1.96	8.00	0.03	-1.20	0.29	-437.23	451.91	-12.93	44.99	-0.00	-176.02	-8.04	4.53	-34.54
253	-46.37	-77.36	0.00	70.52	0.19	-28.15	88.48	4.50	-49.71	2.24	8.05	0.05	-1.02	0.28	-435.69	456.75	-12.59	44.99	-0.00	-176.03	-7.95	3.99	-32.19
254	-46.78	-77.51	0.00	69.99	0.24	-28.53	88.02	3.97	-51.77	1.48	8.64	-0.07	-0.89	0.24	-434.13	461.66	-12.24	44.99	-0.01	-176.03	-6.75	3.69	-29.24
255	-47.19	-77.67	0.00	69.45	0.30	-28.92	87.56	4.08	-53.03	1.55	9.23	-0.07	-0.88	0.24	-432.51	466.56	-11.94	44.99	-0.01	-176.03	-7.07	4.19	-26.55
256	-47.61	-77.83	-0.01	68.89	0.36	-29.30	87.11	3.23	-54.26	1.20	9.54	-0.09	-0.83	0.22	-430.88	471.54	-11.61	44.97	-0.01	-176.03	-5.72	3.43	-23.94
257	-48.01	-78.00	-0.00	68.33	0.41	-29.70	86.66	2.57	-56.19	0.44	10.15	-0.18	-0.71	0.22	-429.36	476.43	-11.29	44.98	-0.00	-176.03	-4.57	3.26	-21.01
258	-48.41	-78.18	0.01	67.75	0.46	-30.11	86.22	2.98	-58.33	0.79	10.67	-0.15	-0.66	0.22	-427.86	481.30	-10.96	44.99	0.00	-176.02	-4.79	3.20	-18.05
259	-48.81	-78.36	0.01	67.15	0.51	-30.52	85.77	2.10	-60.07	0.09	10.89	-0.26	-0.43	0.21	-426.31	486.14	-10.65	44.99	0.01	-176.03	-3.86	2.90	-14.68
260	-49.20	-78.54	0.01	66.56	0.56	-30.94	85.35	1.69	-61.77	-0.13	11.71	-0.32	-0.38	0.19	-424.71	491.04	-10.32	44.98	0.01	-176.03	-4.11	2.32	-11.73
261	-49.59	-78.74	0.01	65.94	0.60	-31.36	84.92	1.33	-64.27	-0.53	12.16	-0.36	-0.26	0.21	-423.15	495.90	-10.02	44.98	0.01	-176.03	-2.86	2.62	-8.68
262	-49.93	-78.90	0.01	65.39	0.64	-31.74	84.55	-0.00	-64.74	-0.97	11.90	-0.40	-0.09	0.23	-421.84	500.24	-9.66	44.99	0.00	-176.01	-2.02	2.02	-5.93
263	-50.12	-79.01	0.01	65.06	0.67	-31.97	84.33	0.32	-66.50	-0.97	12.93	-0.45	-0.12	0.19	-421.06	502.74	-9.48	44.99	0.01	-176.02	-1.71	2.05	-4.20
264	-50.19	-79.04	0.01	64.94	0.67	-32.05	84.25	0.51	-66.71	-0.94	12.97	-0.44	-0.12	0.20	-420.78	503.60	-9.39	44.99	0.00	-176.02	-1.97	1.90	-3.51
265	-50.21	-79.05	0.01	64.92	0.68	-32.06	84.24	0.39	-66.60	-0.88	12.75	-0.46	-0.11	0.17	-420.75	503.83	-9.33	44.99	0.00	-176.01	-1.63	1.92	-3.10
266	-50.21	-79.05	0.01	64.92	0.68	-32.06	84.24	0.38	-66.68	-0.93	12.72	-0.45	-0.08	0.11	-420.73	503.82	-9.35	44.99	0.00	-176.01	-1.17	0.89	-2.66
267	-50.21	-79.05	0.01	64.92	0.68	-32.07	84.24	0.44	-66.65	-0.92	12.67	-0.46	-0.08	0.10	-420.73	503.82	-9.35	44.99	0.01	-176.01	-1.11	0.67	-2.59
268	-50.21	-79.05	0.01	64.92	0.68	-32.07	84.24	0.46	-66.51	-0.93	12.80	-0.47	-0.08	0.12	-420.74	503.82	-9.34	44.99	0.01	-176.01	-1.14	1.04	-2.92
269	-50.22	-79.07	0.01	64.84	0.68	-32.12	84.22	1.41	-66.46	-0.77	13.09	-0.48	-0.08	0.20	-420.83	504.18	-9.32	45.00	0.00	-176.01	-2.01	1.90	-3.26
270	-50.31	-79.17	0.01	64.58	0.68	-32.28	84.14	0.79	-65.77	-0.97	12.75	-0.48	-0.05	0.21	-420.78	505.61	-9.37	44.99	0.00	-176.01	-2.29	1.83	-3.60
271	-50.46	-79.39	0.01	64.03	0.69	-32.61	83.97	1.78	-66.19	-0.68	13.28	-0.46	-0.16	0.19	-420.82	508.41	-9.55	45.01	-0.00	-176.01	-2.30	2.30	-4.95
272	-50.70	-79.73	0.01	63.16	0.71	-33.14	83.71	1.90	-63.75	-0.44	13.05	-0.44	-0.38	0.19	-420.84	512.81	-9.78	45.00	0.00	-176.01	-2.32	2.88	-8.01
273	-50.99	-80.13	0.01	62.13	0.74	-33.77	83.41	1.66	-62.59	-0.30	12.26	-0.44	-0.30	0.22	-420.81	518.05	-10.03	45.00	0.00	-176.00	-2.99	3.00	-11.38
274	-51.27	-80.55	0.01	61.08	0.76	-34.41	83.13	1.69	-59.94	-0.31	12.05	-0.39	-0.68	0.24	-420.78	523.14	-10.31	44.99	0.00	-176.01	-3.35	4.36	-16.09
275	-51.55	-80.98	0.01	59.98	0.78	-35.06	82.83	2.40	-57.80	0.09	11.66	-0.38	-0.96	0.26	-420.86	528.49	-10.48	44.99	-0.00	-175.98	-4.69	5.57	-20.97
276	-51.83	-81.42	0.01	58.87	0.80	-35.72	82.55	1.92	-55.31	-0.13	11.40	-0.39	-1.11	0.28	-420.92	533.68	-10.73	44.99	-0.00	-175.97	-5.21	5.60	-24.60
277	-52.09	-81.87	0.01	57.76	0.82	-36.38	82.27	3.43	-52.31	0.73	10.40	-0.21	-1.40	0.33	-420.94	538.73	-11.06	45.00	-0.00	-175.98	-6.02	6.95	-30.33
278	-52.35	-82.34	0.01	56.61	0.84	-37.06	82.01	3.65	-50.52	0.97	10.11	-0.17	-1.53	0.32	-420.97	543.90	-11.36	44.99	0.00	-175.97	-7.48	7.42	-34.26
279	-52.62	-82.82	0.01	55.44	0.86	-37.76	81.73	3.76	-48.34	1.03	9.77	-0.07	-1.91	0.37	-420.97	548.95	-11.70	44.99	0.00	-175.98	-7.38	8.33	-38.40
280	-52.88	-83.32	0.01	54.24	0.87	-38.46	81.46	4.57	-45.85	1.22	9.24	-0.15	-1.82	0.33	-420.98	554.15	-11.99	45.00	0.00	-175.98	-8.28	9.54	-42.67
281	-53.14	-83.83	0.01	53.01	0.89	-39.19	81.20	4.81	-43.45	1.48	8.62	-0.04	-2.24	0.37	-420.95	559.25	-12.30	45.00	0.00	-175.98	-9.29	10.49	-47.44
282	-53.39	-84.35	0.01	51.75	0.90	-39.92	80.95	4.42	-40.82	1.26	7.85	-0.03	-2.50	0.39	-420.93	564.41	-12.60	44.99	0.00	-175.98	-9.50	11.39	-51.38
283	-53.65	-84.90	0.01	50.45	0.91	-40.68	80.70	4.78	-39.26	1.44	6.88	-0.03	-2.58	0.41	-420.91	569.59	-12.90	44.99	-0.00	-175.98	-9.47	11.69	-55.51
284	-53.89	-85.46	0.01	49.12	0.92	-41.45	80.45	6.41	-37.26	2.22	7.23	0.07	-2.63	0.39	-420.89	574.70	-13.24	44.99	-0.00	-175.98	-11.61	14.14	-59.69
285	-54.14	-86.04	0.01	47.75	0.93	-42.27	80.20	6.94	-34.81	2.56	6.57	0.20	-3.07	0.48	-420.81	579.84	-13.54	44.99	0.00	-176.01	-12.48	13.94	-63.51
286	-54.40	-86.69	0.01	46.25	0.94	-43.11	79.95	5.81	-33.14	1.98	5.76	0.14	-3.31	0.50	-420.83	585.34	-13.89	44.99	-0.00	-175.99	-12.34	14.71	-66.14
287	-54.63	-87.31	0.01	44.78	0.95	-43.95	79.70	5.70	-30.68	1.70	4.14	-0.00	-3.19	0.49	-420.91	590.45	-14.14	45.00	-0.00	-175.98	-12.51	14.67	-70.14
288	-54.87	-87.97	0.01	43.27	0.96	-44.81	79.48	6.93	-28.41	2.18	4.43	0.08	-3.61	0.54	-420.93	595.54	-14.47	45.00	-0.00	-175.98	-13.96	16.41	-73.64
289	-55.09	-88.65	0.01	41.69	0.97	-45.70	79.25	7.33	-26.00	2.07	3.18	0.04	-3.81	0.55	-421.06	600.67	-14.70	45.01	-0.01	-175.97	-14.15	17.50	-78.92
290	-55.30	-89.31	0.01	40.18	0.98	-46.56	79.05	7.54	-23.53	2.26	1.89	0.07	-3.76	0.56	-421.04	605.36	-14.99	45.00	-0.00	-175.98	-16.03	17.56	-82.40
291	-55.46	-89.77	0.01	39.11	0.98	-47.15	78.91	8.33	-20.81	2.62	0.53	0.23	-3.80	0.57	-420.94	608.70	-15.16	44.98	-0.00	-175.97	-15.90	17.35	-86.90
292	-55.54	-90.02	0.01	38.58	0.98	-47.46	78.83	7.20	-19.46	1.97	-0.17	0.11	-3.73	0.51	-420.84	610.30	-15.34	44.99	-0.00	-175.98	-15.29	17.14	-88.75
293	-55.57	-90.11	0.01	38.38	0.99	-47.57	78.82	6.63	-18.38	1.66	-1.15	0.01	-3.48	0.48	-420.79	610.84	-15.44	44.98	0.00	-175.99	-13.84	14.83	-88.79
294	-55.57	-90.13	0.01	38.34	0.99	-47.59	78.81	5.95	-17.81	1.36	-1.84	-0.08	-3.21	0.42	-420.78	610.93	-15.50	44.98	0.00	-175.99	-12.60	12.93	-88.21
295	-55.57	-90.14	0.01	38.34	0.99	-47.59	78.81	6.14	-16.68	1.46	-2.96	-0.06	-2.87	0.40	-420.75	610.90	-15.58	44.98	0.00	-176.00	-11.92	9.63	-87.67
296	-55.57	-90.14	0.01	38.34	0.99	-47.59	78.81	6.23	-16.37	1.53	-3.48	-0.03	-2.71	0.39	-420.73	610.88	-15.63	44.98	0.00	-176.00	-11.73	7.84	-87.65
297	-55.57	-90.00	0.01	38.50	0.99	-47.59	78.81	4.93	-27.58	0.92	-4.19	-0.21	0.16	0.23	-420.64	610.77	-14.71	44.98	0.01	-176.02	-7.21	-10.34	-68.22
298	-55.58	-89.53	0.00	39.10	0.99	-47.59	78.81	2.27	-48.21	-0.67	4.09	-0.64	0.71	0.10	-420.05	610.15	-11.96	44.97	0.02	-176.15	-1.87	-15.61	-38.83
299	-55.57	-88.88	-0.00	39.84	0.99	-47.55	78.81	0.25	-69.62	-0.92	14.25	-0.63	0.24	0.10	-419.81	609.66	-7.66	44.98	0.03	-176.20	0.67	-10.24	-10.96
300	-55.57	-88.35	0.01	40.33	0.98	-47.63	78.81	-0.14	-75.08	-1.10	17.31	-0.66	0.02	0.11	-419.91	609.61	-3.57	44.99	0.04	-176.23	0.98	-5.96	6.05
301	-55.57	-88.07	0.01	40.41	0.98	-47.65	78.81	-0.21	-69.31	-1.01	15.81	-0.60	0.03	0.11	-420.59	610.54	-0.49	44.99	0.02	-176.06	0.10	-0.69	-1.44
302	-55.57	-88.06	0.01	40.40	0.98	-47.65	78.81	0.07	-76.73	-1.06	17.89	-0.67	0.01	0.11	-420.68	610.66	-0.26	44.99	0.01	-176.04	0.29	-2.48	3.34
303	-55.57	-88.04	0.01	40.39	0.98	-47.65	78.81	-0.08	-71.99	-1.01	16.61	-0.62	0.01	0.11	-420.79	610.82	0.07	44.99	0.01	-176.01	0.17	-1.54	1.10
304	-55.57	-88.03	0.01	40.39	0.98	-47.65	78.81	0.07	-74.06	-1.04	17.31	-0.65	0.00	0.11	-420.83	610.87	0.17	44.99	0.01	-176.00	0.04	-0.99	0.99
305	-55.57	-88.05	0.01	40.39	0.98	-47.65	78.81	-0.01	-73.31	-1.04	17.14	-0.65	-0.00	0.11	-420.76	610.77	-0.07	44.99	0.01	-176.02	-0.08	-0.43	0.81
306	-55.57	-88.05	0.01	40.39	0.98	-47.65	78.81	-0.04	-73.67	-1.07	17.23	-0.65	-0.00	0.11	-420.78	610.79	-0.01	44.99	0.01	-176.01	-0.05	-0.41	0.03
307	-55.57	-88.05	0.01	40.39	0.98	-47.65	78.81	-0.02	-73.68	-1.08	17.19	-0.65	-0.00	0.11	-420.78	610.79	-0.01	44.99	0.01	-176.01	0.06	-1.25	1.61
308	-55.57	-88.04	0.01	40.39	0.98	-47.65	78.81	-0.02	-73.28	-1.07	17.12	-0.64	-0.00	0.11	-420.79	610.79	0.00	44.99	0.01	-176.01	-0.08	-0.40	-0.07
309	-55.57	-88.04	0.01	40.39	0.98	-47.65	78.81	-0.04	-73.92	-1.06	17.26	-0.65	-0.00	0.11	-420.79	610.79	0.00	44.99	0.01	-176.01	0.06	-1.13	1.50
310	-55.57	-88.04	0.01	40.39	0.98	-47.65	78.81	-0.04	-73.15	-1.06	17.08	-0.65	-0.00	0.11	-420.79	610.79	0.00	44.99	0.01	-176.01	-0.06	-0.45	0.04
311	-55.57	-88.04	0.01	40.39	0.98	-47.65	78.81	-0.03	-73.88	-1.06	17.27	-0.65	-0.01	0.11	-420.79	610.79	0.00	44.99	0.01	-176.01	0.03	-0.93	1.20
312	-55.57	-88.04	0.01	40.39	0.98	-47.65	78.81	-0.05	-73.22	-1.05	17.07	-0.64	-0.00	0.11	-420.79	610.79	0.00	44.99	0.01	-176.01	-0.02	-0.58	0.24
